{
  "timestamp": "2025-08-17T16:10:16.009639",
  "oxygen_stats": {
    "mean_mg_per_l": 7.402066707611084,
    "min_mg_per_l": 6.603052616119385,
    "max_mg_per_l": 7.705130100250244
  },
  "correlations": {
    "NH4": NaN,
    "NO3": NaN,
    "PHY1": NaN,
    "PHY2": NaN,
    "TOC": NaN
  },
  "parameters_validated": true
}